customer_id,name,email,phone,city,join_date
CUST-10000,Chanakya Chana,gdada@example.org,+915750125342,Ajman,2024-12-21
CUST-10001,Praneel Sarraf,nirjaborde@example.org,+914037142496,Sharjah,2024-05-17
CUST-10002,Yahvi Murthy,nathaniel64@example.org,00667131865,Sharjah,2025-03-03
CUST-10003,Harish Doctor,divanomya@example.net,04792167353,Ajman,2026-01-03
CUST-10004,Zaid Banerjee,goelhenry@example.com,+916056503187,Ajman,2025-11-10
CUST-10005,Hema Tandon,battaaahana@example.org,+912845407818,Sharjah,2025-06-05
CUST-10006,Samar Anne,dharisha@example.org,04226126112,Ajman,2025-07-30
CUST-10007,Triya Jhaveri,hritik31@example.org,01715509991,Ajman,2024-06-18
CUST-10008,Kai Sant,hayerganga@example.com,03521888318,Ajman,2025-01-01
CUST-10009,Matthew Deo,pvig@example.org,3460474079,Ajman,2025-01-10
CUST-10010,Abha Sarna,beraisaiah@example.net,1630224264,Sharjah,2025-01-05
CUST-10011,Chandran Raj,upasnabobal@example.org,07071224252,Sharjah,2024-10-24
CUST-10012,Bhanumati Nair,emunshi@example.org,01597215014,Sharjah,2025-09-24
CUST-10013,Aadi Oommen,aradhanaboase@example.net,+912062032857,Sharjah,2025-12-16
CUST-10014,Yasti Mane,mchana@example.com,+912260083026,Abu Dhabi,2025-05-02
CUST-10015,Aryan Sehgal,onkar43@example.org,+915352633022,Sharjah,2026-01-19
CUST-10016,Jeet Saraf,iyengarmugdha@example.com,05014294340,Abu Dhabi,2025-03-21
CUST-10017,Jacob Chatterjee,ekara@example.com,5401105268,Dubai,2026-01-09
CUST-10018,Urmi Goyal,jbutala@example.com,+915429145192,Abu Dhabi,2025-11-04
CUST-10019,Jhalak Muni,rkari@example.com,09845682072,Ajman,2025-12-22
CUST-10020,Anthony Rajagopalan,gavin88@example.com,05546215489,Sharjah,2024-05-07
CUST-10021,Aarnav Toor,chakradhar54@example.org,0670473981,Ajman,2025-06-19
CUST-10022,Hemangini Nadkarni,onkarmemon@example.org,07579556412,Ajman,2025-12-06
CUST-10023,Hemang Swamy,dalialavanya@example.net,+910727331631,Ajman,2024-09-08
CUST-10024,Wazir Sanghvi,isarin@example.net,02035083405,Sharjah,2025-06-30
CUST-10025,Benjamin Chacko,ktiwari@example.org,2442889651,Abu Dhabi,2025-07-23
CUST-10026,Kashvi Deep,yashodapandya@example.com,6491166176,Dubai,2025-09-11
CUST-10027,Idika Mishra,kotaamol@example.org,01027295477,Dubai,2024-04-27
CUST-10028,Ekansh Majumdar,somsai@example.net,5632103753,Sharjah,2026-03-20
CUST-10029,Dhruv Mangal,garaekaraj@example.com,6942944335,Ajman,2025-06-28
CUST-10030,Manan Joshi,ekbalshah@example.com,+910326249718,Sharjah,2024-07-11
CUST-10031,Ekiya Singh,onveer90@example.org,+911990325440,Abu Dhabi,2025-03-28
CUST-10032,Benjamin Savant,wguha@example.org,+913260283742,Ajman,2024-08-23
CUST-10033,Aradhana Bahri,keyajain@example.org,+912584157401,Ajman,2024-05-27
CUST-10034,Yoshita Chakraborty,deviradhika@example.com,7411055533,Dubai,2026-03-19
CUST-10035,Vrinda Sane,gayathrisama@example.org,+916926046005,Ajman,2025-04-08
CUST-10036,Veda Ben,samar32@example.com,+910310283902,Dubai,2025-03-11
CUST-10037,Oeshi Rau,beraekapad@example.com,01916467439,Sharjah,2024-06-18
CUST-10038,Yauvani Chhabra,banjeet98@example.org,8457175117,Sharjah,2025-02-08
CUST-10039,Joshua Bhatt,varugheseinaya@example.org,+915611366638,Sharjah,2024-04-23
CUST-10040,Vaishnavi Dhar,cheemaatharv@example.net,03912825512,Sharjah,2025-02-05
CUST-10041,Faris Kara,faraskari@example.org,+919757971372,Dubai,2024-12-30
CUST-10042,Ansh Dubey,comarupma@example.com,06676645750,Sharjah,2025-09-15
CUST-10043,Ubika Trivedi,nayakethan@example.org,+918242430490,Sharjah,2025-02-04
CUST-10044,Ronith Sarma,tanveersura@example.org,8360453558,Abu Dhabi,2024-11-30
CUST-10045,Timothy Gopal,idikamukhopadhyay@example.net,2723629911,Dubai,2025-06-01
CUST-10046,Watika Batra,rkorpal@example.com,08473917506,Sharjah,2025-06-25
CUST-10047,Anvi Chakrabarti,keeranmol@example.org,1955072026,Dubai,2025-10-01
CUST-10048,Leela Kata,cmukhopadhyay@example.net,0791781341,Dubai,2024-04-26
CUST-10049,Anita Borra,aryawridesh@example.org,2165554235,Ajman,2024-08-23
CUST-10050,Nathan Bajaj,halderpallavi@example.net,08084611388,Dubai,2025-08-25
CUST-10051,Yashica Sarin,harita43@example.net,08478200825,Abu Dhabi,2025-05-01
CUST-10052,Jasmit Edwin,chackoharita@example.com,09374136874,Abu Dhabi,2024-04-29
CUST-10053,Aarush Ranganathan,shivanshcomar@example.org,4746081889,Sharjah,2024-10-11
CUST-10054,Prisha Tripathi,mohantyekapad@example.org,07526593198,Sharjah,2025-04-26
CUST-10055,Omya Sharma,dattafiyaz@example.org,00576705320,Dubai,2024-04-20
CUST-10056,Ojas Devi,unni07@example.org,+917222014870,Ajman,2025-08-26
CUST-10057,Omisha Suri,siyasalvi@example.com,+919238186340,Ajman,2025-04-03
CUST-10058,Charvi Guha,sahotasudiksha@example.com,01489148745,Dubai,2025-11-30
CUST-10059,Yadavi Chopra,yashoda39@example.net,8879113750,Dubai,2025-04-02
CUST-10060,Faraj Rana,ranbir04@example.org,+919084119455,Ajman,2024-04-18
CUST-10061,Isha More,pravi@example.net,08930377392,Abu Dhabi,2024-06-18
CUST-10062,Theodore Chaudhry,jagrati85@example.net,09801054243,Abu Dhabi,2026-01-20
CUST-10063,Tara Halder,boaseoni@example.net,8058101458,Dubai,2025-04-12
CUST-10064,Nakul Master,samarth74@example.net,01716770906,Abu Dhabi,2024-11-09
CUST-10065,Utkarsh Thaker,aadi98@example.net,7994478494,Abu Dhabi,2025-07-20
CUST-10066,Fitan Sastry,misratriya@example.com,+913999997614,Sharjah,2024-10-13
CUST-10067,Aadhya Basak,unnati68@example.org,08771724971,Dubai,2025-04-18
CUST-10068,Eta Parmer,palankevin@example.org,+913360773636,Dubai,2025-02-24
CUST-10069,Viraj Tandon,andratristan@example.org,+915816200874,Ajman,2025-05-07
CUST-10070,Lucky Khare,sarinliam@example.net,1541709718,Sharjah,2024-11-24
CUST-10071,Theodore Mani,phans@example.org,+912805024129,Abu Dhabi,2024-11-21
CUST-10072,Mahika Gopal,lohitmemon@example.org,07342470313,Dubai,2024-04-19
CUST-10073,Abha Jaggi,mittalnandini@example.org,04802848454,Sharjah,2024-07-15
CUST-10074,Tanveer Ghose,gchhabra@example.com,5691082393,Ajman,2025-06-23
CUST-10075,Harsh Goswami,narasimhanzehaan@example.com,08872507938,Abu Dhabi,2025-04-16
CUST-10076,Deepa Mallick,atharvmani@example.org,07206521457,Abu Dhabi,2025-06-08
CUST-10077,Banjeet Ravel,vkumer@example.org,03334572553,Abu Dhabi,2025-09-05
CUST-10078,Udyati Kurian,vedhikakala@example.org,00533163637,Sharjah,2025-10-17
CUST-10079,Gaurav Sinha,jyoti22@example.com,03250189929,Sharjah,2025-11-03
CUST-10080,Hemang Vala,upasnamangat@example.org,3629422313,Abu Dhabi,2024-08-18
CUST-10081,Sai Ramanathan,naksh96@example.org,00139060023,Sharjah,2025-10-21
CUST-10082,Bhavna Bhagat,birfarhan@example.net,04920260836,Ajman,2025-08-27
CUST-10083,Sarthak Chad,ekbal54@example.com,00280127850,Dubai,2025-04-16
CUST-10084,Lekha Mangat,kthakur@example.org,3491260135,Abu Dhabi,2025-10-16
CUST-10085,Yamini Rama,atharvgopal@example.net,+911348194114,Abu Dhabi,2025-02-06
CUST-10086,Alka Dube,choudhurynaksh@example.com,+919424313428,Abu Dhabi,2025-01-10
CUST-10087,Frederick Sundaram,rehaan39@example.org,4282350370,Abu Dhabi,2025-07-09
CUST-10088,Warda Modi,mvarughese@example.net,6474431603,Sharjah,2024-05-08
CUST-10089,Tamanna Kibe,falguni82@example.net,08203095022,Ajman,2026-01-05
CUST-10090,Sara Chaudhry,chaayadutta@example.net,06914098939,Abu Dhabi,2025-07-04
CUST-10091,Nachiket Nath,janakibalay@example.org,9283398151,Abu Dhabi,2025-05-21
CUST-10092,Janaki Rana,bhattacharyyavrinda@example.net,01463872999,Ajman,2026-02-18
CUST-10093,Januja Kade,pallaekalinga@example.com,+917228997285,Abu Dhabi,2026-01-28
CUST-10094,Januja Pau,beditanmayi@example.net,2912309371,Ajman,2025-03-31
CUST-10095,Simon Golla,mjhaveri@example.net,1312074974,Dubai,2024-05-12
CUST-10096,Yoshita Dixit,sanyaparikh@example.net,+915100402446,Ajman,2025-12-13
CUST-10097,Laban Doshi,msankaran@example.org,03386760270,Abu Dhabi,2026-03-13
CUST-10098,Sai Sharaf,charles27@example.com,+912326977354,Abu Dhabi,2025-01-08
CUST-10099,Ojasvi Saraf,ethanmane@example.net,06168639082,Ajman,2025-07-23
CUST-10100,Chanakya Roy,balveerkurian@example.net,1528488749,Dubai,2025-10-01
CUST-10101,Upasna Kanda,ymisra@example.net,+914148274464,Ajman,2025-11-08
CUST-10102,Bhavya Kadakia,hjohal@example.org,3016189276,Abu Dhabi,2024-11-18
CUST-10103,Chaman Swaminathan,gabafrederick@example.org,08813114477,Abu Dhabi,2025-01-13
CUST-10104,Bhavini Kanda,faraj78@example.org,3282374305,Dubai,2025-10-02
CUST-10105,Faqid Parmar,gdin@example.org,1025462526,Sharjah,2026-02-18
CUST-10106,Lajita Wagle,rachana83@example.org,03551385825,Ajman,2025-01-02
CUST-10107,Urmi Thaker,pjohal@example.com,8906305494,Sharjah,2025-11-26
CUST-10108,Maanav Chaudhry,bachittarsingh@example.com,4454275832,Sharjah,2024-06-18
CUST-10109,Sanaya Kari,tanmayirajagopal@example.org,05840884634,Sharjah,2025-11-30
CUST-10110,Nitara Wadhwa,omukhopadhyay@example.net,04962113032,Sharjah,2024-07-30
CUST-10111,Warjas Goyal,cheemaadvika@example.org,9940175447,Ajman,2026-01-31
CUST-10112,Bakhshi Roy,gangabaria@example.org,02827672826,Sharjah,2025-03-16
CUST-10113,Manan Chawla,dubeyadavi@example.com,0384524536,Ajman,2025-08-16
CUST-10114,Radha Bhatt,banikreva@example.org,05582828944,Sharjah,2024-11-09
CUST-10115,Oviya Mandal,nishakar@example.net,3904422413,Sharjah,2025-04-29
CUST-10116,Warhi Luthra,dayamai98@example.com,07823578374,Sharjah,2026-02-28
CUST-10117,Jeevika Upadhyay,badalzehaan@example.net,+912672170866,Dubai,2026-02-17
CUST-10118,Janani Chakrabarti,frado21@example.org,+916790502337,Sharjah,2024-05-04
CUST-10119,Tanvi Lalla,luckysachdeva@example.com,01370165173,Sharjah,2025-08-04
CUST-10120,Shaurya Tak,omguneet@example.com,+910303539570,Abu Dhabi,2024-06-12
CUST-10121,Riya Dave,neha33@example.com,4720614341,Dubai,2025-08-21
CUST-10122,Aadi Deshpande,ronithiyer@example.org,6291547453,Dubai,2024-09-28
CUST-10123,Neelima Misra,yvig@example.com,05950235551,Sharjah,2025-06-06
CUST-10124,Indrajit Mistry,mananseth@example.com,+917912904028,Ajman,2024-06-09
CUST-10125,Henry Narasimhan,indali56@example.com,+917416927407,Ajman,2025-09-11
CUST-10126,George Karan,rachit14@example.com,00150807685,Sharjah,2025-08-03
CUST-10127,Samuel Bal,trai@example.org,09104572956,Ajman,2024-06-26
CUST-10128,Timothy Grover,nitara72@example.org,06718755095,Sharjah,2024-12-29
CUST-10129,Ekani Majumdar,qasim05@example.org,02714933516,Dubai,2025-10-30
CUST-10130,Frederick Chacko,rlad@example.org,04535918842,Dubai,2025-06-14
CUST-10131,Unni Magar,damyantimistry@example.com,08941839944,Abu Dhabi,2026-03-08
CUST-10132,Nathaniel Srinivas,rlad@example.org,+910044926727,Sharjah,2025-08-12
CUST-10133,Umang Choudhary,om45@example.com,03890898655,Abu Dhabi,2025-08-15
CUST-10134,Tejas Sunder,abdulganguly@example.org,8052972025,Sharjah,2024-09-03
CUST-10135,Amrita Sankar,nicholasnarayan@example.com,03146805731,Sharjah,2025-11-13
CUST-10136,Harshil Iyer,iramohan@example.net,1923179181,Sharjah,2024-08-03
CUST-10137,Suhani Kumer,gauri42@example.com,07662269691,Sharjah,2025-12-04
CUST-10138,Hitesh Mistry,jaggiwarjas@example.org,04768270632,Dubai,2025-08-09
CUST-10139,Christopher Rama,agoswami@example.net,9063325238,Dubai,2024-11-24
CUST-10140,Watika Barman,jnigam@example.com,9843106401,Ajman,2025-07-10
CUST-10141,Mohini Varghese,lankajoshua@example.net,+915888957794,Sharjah,2026-01-13
CUST-10142,Ekiya Prabhakar,upadhritinigam@example.com,03015355701,Sharjah,2025-11-11
CUST-10143,Charan Hans,abhimanyurai@example.org,+913313906056,Sharjah,2025-05-05
CUST-10144,Forum Gokhale,sandalwakeeta@example.com,+912171489841,Ajman,2025-02-27
CUST-10145,Nidra Sankaran,wiyer@example.com,+915327786017,Dubai,2025-02-10
CUST-10146,Kamya Gala,msachar@example.net,+915507913803,Abu Dhabi,2024-07-17
CUST-10147,Idika Soni,avarma@example.net,08978346514,Sharjah,2024-05-11
CUST-10148,Janya Viswanathan,fitan93@example.org,04404945130,Dubai,2024-04-15
CUST-10149,Ikbal Tiwari,amrutakamdar@example.com,07471143165,Ajman,2024-05-13
CUST-10150,Vincent Narang,prashadbakhshi@example.org,3680096337,Abu Dhabi,2025-07-12
CUST-10151,Yasti Shah,anitakalla@example.org,6673636830,Dubai,2026-03-04
CUST-10152,Vedhika Jain,nagywarinder@example.com,4092289018,Ajman,2026-01-08
CUST-10153,Falak Modi,dubeyatan@example.org,9306347562,Ajman,2024-06-13
CUST-10154,Suhani Nair,murtyluke@example.net,+916461651357,Dubai,2025-03-16
CUST-10155,Anay Bhargava,ranbir11@example.com,+915764180653,Abu Dhabi,2024-08-24
CUST-10156,Chanchal Madan,upmakhatri@example.com,09702986561,Ajman,2025-03-30
CUST-10157,Vincent Merchant,sanilohit@example.net,+919425081427,Ajman,2025-01-01
CUST-10158,Victor Borra,bainsoviya@example.org,+912124675347,Dubai,2024-09-27
CUST-10159,Aayush Zacharia,bkapoor@example.com,01724375418,Abu Dhabi,2025-08-05
CUST-10160,Yadavi Thaman,xdalia@example.net,4311353911,Ajman,2025-11-08
CUST-10161,Yuvraj Mittal,saksham40@example.org,+910085021619,Ajman,2026-03-14
CUST-10162,Bimala Walia,ojas07@example.net,00593078024,Sharjah,2024-04-13
CUST-10163,Qasim Ray,siddharth67@example.com,05734394287,Ajman,2025-04-05
CUST-10164,Anirudh Nori,ijoshi@example.org,+918903579426,Sharjah,2025-11-15
CUST-10165,Daksha Pradhan,chandrajagrati@example.com,07624368905,Abu Dhabi,2025-05-04
CUST-10166,Vedhika Sood,tlanka@example.net,5514027390,Ajman,2026-01-19
CUST-10167,Neha Jha,arin59@example.com,4451269291,Sharjah,2026-01-08
CUST-10168,Krishna Bhardwaj,kbalay@example.org,+918669630453,Dubai,2026-03-23
CUST-10169,Urvashi Shenoy,samarth83@example.com,+914879661449,Dubai,2025-03-21
CUST-10170,Pratyush Nayak,mnatarajan@example.com,04823484855,Ajman,2025-03-09
CUST-10171,Gunbir Bala,pallaadweta@example.net,+910509594499,Dubai,2025-08-10
CUST-10172,Rajata Handa,ronithkhosla@example.com,7100499905,Abu Dhabi,2024-04-28
CUST-10173,Unnati Yadav,ukhanna@example.net,08499615755,Sharjah,2024-06-07
CUST-10174,Chaitaly Bhargava,ekarpe@example.net,+912402477105,Ajman,2024-06-10
CUST-10175,Ekta Dayal,dubeysamarth@example.net,+912551488394,Sharjah,2026-03-10
CUST-10176,Nathaniel Datta,nilimasrivastava@example.org,+915879504211,Abu Dhabi,2024-04-11
CUST-10177,Mahika Dhawan,lajita09@example.net,09523550701,Dubai,2024-09-29
CUST-10178,Faqid Narula,cchawla@example.net,7855468827,Ajman,2025-11-07
CUST-10179,Omaja Sarraf,rachitsaraf@example.org,00856980385,Ajman,2025-09-22
CUST-10180,Anjali Varma,upadhritipradhan@example.com,9441668215,Dubai,2024-07-21
CUST-10181,Yadavi Bora,nattrajeshri@example.net,7826071157,Sharjah,2025-10-27
CUST-10182,Rohan Hari,zaitrabobal@example.org,9153875384,Dubai,2024-08-08
CUST-10183,Zaitra Lad,rameshikbal@example.org,+914177539573,Sharjah,2025-02-04
CUST-10184,Udant Dyal,abatra@example.org,+911707475519,Ajman,2025-10-30
CUST-10185,Jagvi Patil,ekashyap@example.org,+911454764245,Dubai,2025-03-14
CUST-10186,Dakshesh Gill,parmarjack@example.org,8291812454,Sharjah,2025-12-27
CUST-10187,Jagat Dutta,bhatnagarmegha@example.net,6465598550,Sharjah,2026-02-16
CUST-10188,Luke Borde,walireva@example.org,+918161430761,Dubai,2025-10-23
CUST-10189,Isaiah Pradhan,panini62@example.net,2693858070,Ajman,2024-12-02
CUST-10190,Chandani Mand,darachandran@example.org,06703741636,Abu Dhabi,2025-05-07
CUST-10191,Yug Bora,nathan18@example.net,+919581515034,Sharjah,2025-04-04
CUST-10192,Falak Balakrishnan,praneelparikh@example.org,3483739283,Dubai,2025-12-09
CUST-10193,Chandani Mohanty,muttineel@example.net,07249913723,Dubai,2025-09-13
CUST-10194,Tarak Dyal,aryanguha@example.net,+919013271145,Ajman,2026-01-06
CUST-10195,Chaaya Modi,forum87@example.org,+918803501101,Dubai,2026-02-15
CUST-10196,Henry Dey,babuadvaith@example.org,+910764714390,Abu Dhabi,2024-07-17
CUST-10197,Akshay Sodhi,atinigam@example.com,+915754358844,Abu Dhabi,2025-03-18
CUST-10198,Noah Mallick,rdevan@example.com,1027473427,Sharjah,2024-12-25
CUST-10199,Vritti Kunda,suhanishanker@example.net,+916594630459,Dubai,2026-02-11
CUST-10200,Ikbal Reddy,duttnidra@example.com,3449404011,Dubai,2025-09-27
CUST-10201,Urvashi Agrawal,chaudharyojasvi@example.org,+917426251783,Dubai,2025-10-29
CUST-10202,Kashish Dhillon,dgola@example.com,2648268395,Sharjah,2025-12-01
CUST-10203,Yashawini Mand,mdeep@example.org,4023443351,Abu Dhabi,2025-05-24
CUST-10204,Saksham Narain,nborah@example.net,+919360372207,Sharjah,2026-01-15
CUST-10205,Ganga Krish,wdube@example.org,01325538650,Abu Dhabi,2025-05-17
CUST-10206,Mitali Chatterjee,wishiravi@example.com,+917432055131,Dubai,2026-02-07
CUST-10207,Chavvi Prakash,dasranbir@example.org,+916437098602,Sharjah,2026-01-27
CUST-10208,Tarak Nagarajan,tripti16@example.org,03167328634,Sharjah,2025-12-09
CUST-10209,Tanay Dugar,nikitamunshi@example.org,2115699631,Abu Dhabi,2025-04-06
CUST-10210,Wishi Sunder,prege@example.org,01211980132,Ajman,2025-01-16
CUST-10211,Nisha Rana,unnati36@example.org,08771632065,Abu Dhabi,2024-12-03
CUST-10212,Imaran Kata,dalbir35@example.org,4898677938,Ajman,2025-05-18
CUST-10213,Avi Srinivas,ggaba@example.com,07211122141,Ajman,2024-12-15
CUST-10214,Tanveer Bandi,zehaan49@example.com,05437931901,Sharjah,2025-11-05
CUST-10215,Vrinda Ramaswamy,agarwalyashoda@example.com,6236915663,Ajman,2024-09-15
CUST-10216,Varsha Vohra,ikbalnigam@example.com,+912096219264,Ajman,2025-02-18
CUST-10217,Tanvi Das,shivanicherian@example.com,4833027087,Abu Dhabi,2025-11-09
CUST-10218,Ayaan Sama,chameli98@example.net,2550669606,Abu Dhabi,2024-12-07
CUST-10219,Mekhala Talwar,arin98@example.net,+914487731568,Abu Dhabi,2026-01-28
CUST-10220,Chakrika Gala,bhavaninaik@example.net,09927594349,Ajman,2025-02-10
CUST-10221,Ekaraj Palla,gaurangichaudhari@example.com,06341311804,Sharjah,2026-02-17
CUST-10222,Wazir Jaggi,siddharth95@example.net,00357797316,Sharjah,2024-04-08
CUST-10223,Leena Babu,guneetmalhotra@example.com,08085406300,Sharjah,2024-04-05
CUST-10224,Qarin Kohli,samuelraman@example.com,+916486975205,Abu Dhabi,2025-01-30
CUST-10225,Lipika Bal,bakhshi12@example.com,08775015205,Sharjah,2024-09-03
CUST-10226,Turvi Virk,ladparth@example.net,+915023240138,Abu Dhabi,2024-04-20
CUST-10227,Laban Wali,theodoreravel@example.com,+911980541374,Abu Dhabi,2025-07-15
CUST-10228,Vedhika Chada,vasanadesai@example.org,+916871288418,Abu Dhabi,2025-05-31
CUST-10229,Isaiah Sampath,biswaschasmum@example.net,+918960484484,Abu Dhabi,2025-06-23
CUST-10230,Omkaar Kant,mason90@example.com,01440981379,Sharjah,2026-01-20
CUST-10231,Yamini Khurana,singhalisha@example.net,7349550660,Abu Dhabi,2024-11-04
CUST-10232,Lakshmi Kuruvilla,fkhanna@example.com,9847327503,Ajman,2024-11-26
CUST-10233,Oni Wason,xavier76@example.org,+914054766328,Abu Dhabi,2025-11-29
CUST-10234,Ekantika Sridhar,gautamgola@example.net,03605445314,Dubai,2024-06-06
CUST-10235,Upma Taneja,uswaminathan@example.org,06216928074,Dubai,2024-09-20
CUST-10236,Arin Amble,matthew84@example.org,7527008578,Abu Dhabi,2025-07-15
CUST-10237,Upadhriti Kumer,nrajagopalan@example.com,00853219771,Ajman,2025-10-16
CUST-10238,Madhav Dora,ekbal06@example.net,+917338689868,Abu Dhabi,2024-05-02
CUST-10239,Simon Agarwal,ayush09@example.com,+918771097493,Dubai,2025-11-05
CUST-10240,Advaith Raman,nbakshi@example.com,+911549126574,Dubai,2026-01-14
CUST-10241,Chameli Varghese,shettyjanaki@example.com,1945908408,Ajman,2025-03-03
CUST-10242,Wridesh Pant,kapoorkai@example.net,+917157337096,Sharjah,2026-01-08
CUST-10243,Tejas Kamdar,tristanchauhan@example.com,00000072577,Dubai,2024-12-09
CUST-10244,Arin Narang,qadim34@example.org,+917087781739,Sharjah,2024-05-07
CUST-10245,Yashodhara Balasubramanian,udevan@example.org,6477097971,Ajman,2025-10-28
CUST-10246,Mohammed Kota,gaganedwin@example.org,03976030921,Sharjah,2024-08-12
CUST-10247,Abhiram Rajagopal,thakurmanthan@example.com,+910676912434,Abu Dhabi,2024-12-17
CUST-10248,Bhavani Sheth,duttjackson@example.net,7858431682,Sharjah,2024-08-03
CUST-10249,Nachiket Bhardwaj,yashicakashyap@example.com,0952594122,Ajman,2024-11-28
CUST-10250,Triya Prabhu,wadhwadevika@example.org,01351300211,Ajman,2024-12-06
CUST-10251,Niharika Seshadri,mallnirja@example.com,+913394532228,Ajman,2026-02-11
CUST-10252,Shivansh Bakshi,nicholas97@example.net,+914901065847,Ajman,2025-11-07
CUST-10253,Samesh Kant,ramachandranvinaya@example.org,01255297691,Dubai,2025-12-14
CUST-10254,Vanya Sodhi,chaitanyabanerjee@example.net,8215526955,Dubai,2024-07-25
CUST-10255,Udarsh Arya,indirakoshy@example.org,2712030970,Dubai,2024-12-10
CUST-10256,Krish Deep,devika16@example.com,+917445012484,Dubai,2024-06-14
CUST-10257,Arin Parekh,rudraagrawal@example.org,03433627684,Abu Dhabi,2024-03-28
CUST-10258,Forum Kale,mmorar@example.com,07863364068,Dubai,2024-08-28
CUST-10259,Eiravati Jaggi,dmemon@example.org,08857840640,Ajman,2024-12-18
CUST-10260,Warhi Deshmukh,ekantikabedi@example.net,07897861836,Sharjah,2024-05-15
CUST-10261,Jairaj Ramachandran,nehadeshmukh@example.net,4274137232,Abu Dhabi,2024-10-18
CUST-10262,Niharika Ratti,kapurharshil@example.com,7611200686,Sharjah,2024-11-12
CUST-10263,Victor Bala,venkateshomisha@example.net,1813890127,Dubai,2025-09-28
CUST-10264,Prisha Sood,nikita24@example.com,5796200145,Ajman,2026-03-02
CUST-10265,Yauvani Dayal,tpatla@example.org,04739985336,Sharjah,2026-02-19
CUST-10266,Chanchal Prashad,samarudra@example.org,+913041399172,Abu Dhabi,2024-11-27
CUST-10267,Onveer Sheth,karhemang@example.net,+910516585507,Abu Dhabi,2024-04-12
CUST-10268,Mohini Kara,hbahri@example.net,03691261767,Abu Dhabi,2025-05-16
CUST-10269,Ishanvi Chakrabarti,qdhar@example.com,00382992478,Abu Dhabi,2024-08-23
CUST-10270,Ishwar Mohanty,baljiwan34@example.com,09618617152,Abu Dhabi,2024-12-08
CUST-10271,Shivani Handa,baljiwan97@example.com,6358218556,Ajman,2025-02-22
CUST-10272,Dalaja Dewan,rushilkale@example.org,8662821979,Sharjah,2025-02-27
CUST-10273,Pranit Garde,bshah@example.com,+914874861239,Sharjah,2024-11-22
CUST-10274,Janya Dutta,sachi39@example.org,0537587494,Sharjah,2025-09-29
CUST-10275,Amaira Rama,watikapau@example.net,1615342311,Abu Dhabi,2025-05-16
CUST-10276,Pratyush Pradhan,ekanta47@example.net,+917313635698,Ajman,2025-10-20
CUST-10277,Amol Saxena,vihaan90@example.org,08942002420,Ajman,2024-12-08
CUST-10278,Udarsh Ratta,ekanimerchant@example.com,06191138070,Dubai,2024-08-13
CUST-10279,Yatan Bassi,harinakshiuppal@example.com,03764176354,Abu Dhabi,2024-05-26
CUST-10280,Amara Dora,ygoswami@example.org,+915851204778,Dubai,2025-08-20
CUST-10281,Libni Naik,ssahota@example.org,09434286671,Abu Dhabi,2026-01-19
CUST-10282,Gaurav Vala,sahotamanan@example.net,7707222940,Ajman,2024-08-17
CUST-10283,Aayush Memon,unnatimani@example.org,+916508137226,Sharjah,2025-03-30
CUST-10284,Bhanumati Bath,janiabha@example.com,4554986277,Ajman,2024-04-10
CUST-10285,Bachittar Sachdeva,shettybanjeet@example.org,07922707935,Ajman,2026-01-09
CUST-10286,Gaurang Mukhopadhyay,tanejanikita@example.org,09887483020,Sharjah,2024-11-04
CUST-10287,Nidhi Handa,sarthakbora@example.com,01826046566,Sharjah,2024-08-30
CUST-10288,Andrew Modi,menonojas@example.net,08161761953,Abu Dhabi,2025-10-06
CUST-10289,Dayamai Khosla,tchhabra@example.net,8623729645,Abu Dhabi,2024-04-09
CUST-10290,William Murthy,qadimjayaraman@example.net,+914633369461,Dubai,2025-01-09
CUST-10291,Hemangini Dalal,goswamigaurang@example.org,2486736201,Sharjah,2024-12-29
CUST-10292,Jagrati Kari,bathshaurya@example.net,+915429532651,Abu Dhabi,2025-11-17
CUST-10293,Gabriel Prabhu,balendra69@example.org,5708451461,Sharjah,2024-07-04
CUST-10294,Avni Parmer,zashilseth@example.com,5266746061,Abu Dhabi,2024-04-02
CUST-10295,Abhimanyu Korpal,bhatbrijesh@example.com,6244369428,Abu Dhabi,2025-03-25
CUST-10296,Turvi Malhotra,madanjalsa@example.org,07437849557,Sharjah,2026-02-03
CUST-10297,Omisha Bhat,adya43@example.com,3831054170,Abu Dhabi,2024-05-19
CUST-10298,Amaira Kala,edhitha44@example.net,4050727159,Dubai,2024-07-30
CUST-10299,Raagini Khurana,henry98@example.com,00925940199,Dubai,2024-10-07
CUST-10300,Amruta Guha,ptella@example.net,+916196930177,Dubai,2026-01-06
CUST-10301,Watika Ranganathan,ochadha@example.net,3279348120,Abu Dhabi,2025-04-14
CUST-10302,Ekanta Balay,hiral18@example.com,6508789637,Dubai,2024-09-30
CUST-10303,Eshana Balakrishnan,chasmumbains@example.com,02429042558,Sharjah,2024-04-30
CUST-10304,Yachana Verma,osankaran@example.org,8924060613,Abu Dhabi,2025-06-30
CUST-10305,Jonathan Halder,ayushmanpatil@example.net,+911074998990,Sharjah,2024-11-21
CUST-10306,Ekalinga Karpe,pantnakul@example.org,1872189602,Dubai,2025-05-03
CUST-10307,Ikbal Prakash,tellachaaya@example.org,4783639880,Sharjah,2025-11-29
CUST-10308,Edhitha Char,faraj08@example.org,06226094840,Sharjah,2024-12-18
CUST-10309,Charita Iyer,chanchalraval@example.org,00989747816,Sharjah,2024-08-27
CUST-10310,Faras Vig,mmodi@example.com,09794386692,Ajman,2024-08-02
CUST-10311,Amruta Nigam,shravya32@example.org,05731064803,Sharjah,2025-09-04
CUST-10312,Liam Bhavsar,balendra89@example.com,7536742179,Dubai,2025-05-06
CUST-10313,Quincy Kohli,nidhiamble@example.net,0099813060,Abu Dhabi,2025-02-15
CUST-10314,Dhruv Sahota,ganga21@example.com,06449999265,Dubai,2025-09-21
CUST-10315,Lakshit Goyal,opant@example.org,4595763646,Abu Dhabi,2025-06-01
CUST-10316,Farhan Chacko,michael34@example.net,8556419587,Abu Dhabi,2024-09-10
CUST-10317,Widisha Goda,memonchatura@example.com,00850083100,Dubai,2025-09-08
CUST-10318,Nicholas Sinha,ahluwaliafaraj@example.net,00646020258,Sharjah,2025-08-31
CUST-10319,Ekiya Behl,warda51@example.org,9978234907,Ajman,2025-05-24
CUST-10320,Sai Chopra,maanavrama@example.org,5731028749,Ajman,2024-05-11
CUST-10321,Eesha Bhatt,shari@example.net,02991119712,Dubai,2025-11-02
CUST-10322,Vaishnavi Pai,poojadevan@example.net,04344463832,Dubai,2024-10-23
CUST-10323,Darika Ahuja,chadjatin@example.org,+918153786091,Sharjah,2025-10-21
CUST-10324,Dhriti Bhasin,kiaan40@example.org,8923259021,Abu Dhabi,2026-02-03
CUST-10325,Jeet Samra,cmall@example.com,04739978991,Ajman,2025-04-19
CUST-10326,Rachita Goel,logan27@example.org,+917044284779,Dubai,2026-03-06
CUST-10327,Sara Uppal,srinivasanirudh@example.org,03607207817,Sharjah,2024-07-08
CUST-10328,Laksh Kamdar,kapadiawarhi@example.net,+916103204728,Abu Dhabi,2024-12-05
CUST-10329,Varsha Contractor,thamanyasti@example.net,07499337414,Abu Dhabi,2025-04-07
CUST-10330,Odika Issac,barmanwatika@example.org,+910611815350,Abu Dhabi,2026-02-26
CUST-10331,Varenya Sengupta,aadhya49@example.org,+916267767160,Dubai,2024-07-11
CUST-10332,Hamsini Pai,hredhaan47@example.org,+911342058489,Sharjah,2024-05-02
CUST-10333,Rajata Maharaj,zsant@example.net,+917035329353,Ajman,2025-04-13
CUST-10334,Nilima Choudhury,cmenon@example.org,09170998041,Abu Dhabi,2024-06-24
CUST-10335,Saumya Gour,luckygade@example.net,+910702571067,Ajman,2025-08-12
CUST-10336,Theodore Gandhi,nimratdara@example.com,9080484937,Dubai,2025-08-29
CUST-10337,Sanaya Randhawa,charanprakash@example.org,+917757750600,Ajman,2025-01-26
CUST-10338,Hemani Khurana,jeevikasengupta@example.org,3394986617,Ajman,2025-04-12
CUST-10339,Logan Iyer,paniniwalla@example.net,2108565062,Sharjah,2024-07-12
CUST-10340,Jack Sharma,simon65@example.net,+912707315117,Dubai,2025-01-23
CUST-10341,Turvi Thaman,rbuch@example.org,+915832554097,Ajman,2025-08-08
CUST-10342,Ishanvi Verma,pallavi28@example.net,3808741617,Ajman,2026-01-28
CUST-10343,Xalak Mitter,sachinagar@example.net,06287734178,Sharjah,2025-11-25
CUST-10344,Triya Dalal,wazir85@example.net,09067034263,Sharjah,2025-12-25
CUST-10345,Yagnesh Cherian,bajajnikita@example.com,2501259009,Ajman,2025-08-07
CUST-10346,Widisha Khatri,niharika02@example.org,04147478139,Abu Dhabi,2025-08-18
CUST-10347,Nihal Bahl,harsh09@example.org,03789758509,Ajman,2024-09-21
CUST-10348,Kamya Babu,mrege@example.org,4688025836,Sharjah,2025-09-22
CUST-10349,Anamika Magar,lila41@example.org,5671474409,Ajman,2026-01-21
CUST-10350,Barkha Mahajan,ojas43@example.net,8675439888,Dubai,2025-08-15
CUST-10351,Anmol Dhillon,ganeshrehaan@example.com,5525628323,Abu Dhabi,2026-02-03
CUST-10352,Guneet Gour,kgoswami@example.org,+915872832323,Dubai,2024-10-28
CUST-10353,Vrinda Bava,abhiramvig@example.com,+913455670283,Sharjah,2024-04-18
CUST-10354,Devansh Kapoor,sarmayasti@example.net,+910835855343,Sharjah,2025-06-12
CUST-10355,Ekiya Hegde,kannanamol@example.net,5150701428,Dubai,2025-01-25
CUST-10356,Michael Garde,deabhimanyu@example.org,+911406187208,Sharjah,2024-08-27
CUST-10357,Dipta Singhal,lokelopa@example.net,4329460285,Sharjah,2025-02-01
CUST-10358,Aadi Goel,mkhare@example.com,07802810893,Sharjah,2024-04-09
CUST-10359,Tanay Yadav,robert54@example.org,0803723299,Sharjah,2025-03-14
CUST-10360,Max Vyas,gagan57@example.org,+914120628098,Abu Dhabi,2025-05-13
CUST-10361,Jhalak Subramanian,tanish87@example.net,7715887066,Dubai,2025-08-16
CUST-10362,Ganga Balasubramanian,biswaskrishna@example.com,02897844277,Ajman,2025-01-19
CUST-10363,Mahika Guha,ishanvi39@example.com,01871185280,Sharjah,2024-11-15
CUST-10364,Barkha Bhatti,rachitareddy@example.org,+918047573852,Sharjah,2024-05-26
CUST-10365,Sara Chander,jlad@example.net,01603646181,Dubai,2025-01-22
CUST-10366,Laksh Lad,waliaradhana@example.net,05036250658,Abu Dhabi,2024-09-24
CUST-10367,Siddharth Garde,tejaslata@example.net,9173815154,Ajman,2025-05-02
CUST-10368,Pahal Suri,ramakrishnanjasmit@example.com,+912945832817,Sharjah,2026-01-21
CUST-10369,Anmol Dey,bavajagdish@example.org,6487144904,Abu Dhabi,2024-11-25
CUST-10370,Girik Peri,jbasu@example.org,+913124795577,Sharjah,2024-05-30
CUST-10371,Janani Sankar,ayushman93@example.org,+919167246207,Ajman,2025-01-11
CUST-10372,Gopal Hayre,ranbir02@example.net,1607406381,Dubai,2024-07-27
CUST-10373,Megha Rout,bchowdhury@example.org,08770348190,Abu Dhabi,2026-02-26
CUST-10374,Viraj Doctor,pranitganesh@example.net,0178825364,Abu Dhabi,2025-11-12
CUST-10375,Indira Merchant,upadhritibassi@example.org,6435169990,Ajman,2024-05-27
CUST-10376,Vasudha Ganesan,aadimohan@example.net,4769087844,Ajman,2026-03-14
CUST-10377,Sarthak Nagi,qprabhakar@example.com,+915836978244,Sharjah,2024-10-10
CUST-10378,Darpan Goda,adoctor@example.net,09197069243,Abu Dhabi,2026-03-05
CUST-10379,Laksh Borde,thakerfaras@example.org,00026839769,Sharjah,2026-02-13
CUST-10380,Adweta Srinivas,zinalagrawal@example.com,09717631751,Sharjah,2024-11-06
CUST-10381,Jeet Grewal,ethanrege@example.com,9907936254,Abu Dhabi,2026-01-29
CUST-10382,Radha Chhabra,kala43@example.org,4132086604,Abu Dhabi,2024-08-13
CUST-10383,Lajita Goda,mitterzarna@example.com,3464337037,Abu Dhabi,2025-05-13
CUST-10384,Tamanna Sandhu,sarakrishnamurthy@example.net,+910870080843,Dubai,2024-07-08
CUST-10385,Naveen Soni,qarin62@example.org,4937524030,Dubai,2025-04-27
CUST-10386,Thomas Mann,dalajanagar@example.com,0760624035,Dubai,2025-04-04
CUST-10387,Jeremiah Dhaliwal,dkorpal@example.org,08005998795,Ajman,2024-09-23
CUST-10388,Oeshi Gola,nilimamadan@example.org,+911351192236,Abu Dhabi,2025-03-24
CUST-10389,Yashawini Keer,gabawaida@example.com,+918390978712,Sharjah,2025-01-21
CUST-10390,Daniel Nigam,maya41@example.org,0430567416,Dubai,2025-07-13
CUST-10391,Omkaar Chahal,qadimbobal@example.org,01893036002,Dubai,2024-12-25
CUST-10392,Upasna Khurana,vsolanki@example.com,+919312806014,Sharjah,2024-07-14
CUST-10393,Hardik Deol,subramanianqadim@example.net,+914994542127,Sharjah,2025-01-07
CUST-10394,Samuel Mallick,sheredakshesh@example.net,09558629741,Abu Dhabi,2024-09-24
CUST-10395,Vincent Sathe,pgara@example.org,04547049142,Abu Dhabi,2024-11-13
CUST-10396,Lakshit Bhargava,udyatibala@example.net,+911986071671,Ajman,2025-08-24
CUST-10397,Panini Ramachandran,omannan@example.net,03088636471,Sharjah,2024-07-15
CUST-10398,Aarna Gulati,dalajaedwin@example.net,+916133092891,Abu Dhabi,2024-07-27
CUST-10399,Utkarsh Bhagat,boza@example.com,03733044976,Sharjah,2025-11-01
CUST-10400,Yutika Bhandari,sarmasanaya@example.org,+919982792195,Abu Dhabi,2025-05-06
CUST-10401,Adya Chowdhury,ekajamuni@example.com,05076710352,Sharjah,2024-05-05
CUST-10402,Onveer Chokshi,virajdhingra@example.net,9663893594,Abu Dhabi,2024-10-20
CUST-10403,Riya Pall,yashasvichowdhury@example.net,+918153244434,Sharjah,2025-01-25
CUST-10404,Mitesh Deol,gagan72@example.com,6049836494,Sharjah,2025-01-05
CUST-10405,Alka Nayak,bswamy@example.com,1410453465,Ajman,2024-05-09
CUST-10406,Bhavani Sarma,wallaubika@example.com,04079861454,Dubai,2024-12-12
CUST-10407,Farhan Radhakrishnan,xalakghose@example.net,2429709076,Dubai,2024-05-30
CUST-10408,Ronith Buch,atharv26@example.org,5043702670,Ajman,2025-04-17
CUST-10409,Madhavi Kadakia,boaseparth@example.org,0348370351,Sharjah,2026-01-19
CUST-10410,Chatura Kapoor,murthydayamai@example.org,+916432456661,Abu Dhabi,2024-12-27
CUST-10411,Nilima Kaul,orama@example.com,5052170347,Sharjah,2024-06-10
CUST-10412,Varsha Nagar,vrinda33@example.com,4881534474,Dubai,2025-05-24
CUST-10413,Divya Bava,framanathan@example.org,0052146319,Dubai,2025-07-07
CUST-10414,Jasmit Bahl,jagat93@example.net,+911256887742,Abu Dhabi,2025-12-27
CUST-10415,Imaran Tata,dayamaivirk@example.org,1117511710,Ajman,2026-01-13
CUST-10416,Champak Deep,yoshita64@example.net,+911276585943,Dubai,2025-05-26
CUST-10417,Yug Uppal,reddyanvi@example.com,5713291382,Sharjah,2024-07-26
CUST-10418,Dayita Arora,urvashitandon@example.org,3913648224,Dubai,2025-06-09
CUST-10419,Fiyaz Chand,mitali76@example.org,+910956294804,Abu Dhabi,2024-04-05
CUST-10420,Ayush Sharaf,deepa17@example.org,+918015113096,Sharjah,2024-07-19
CUST-10421,Rehaan Bahri,urvi54@example.com,0148729478,Dubai,2025-10-22
CUST-10422,Hemang Sha,bahripratyush@example.org,06636515850,Sharjah,2025-03-22
CUST-10423,Ethan Jani,darsh44@example.org,08769559340,Dubai,2025-10-03
CUST-10424,Banjeet Babu,sekhonjagat@example.net,+913023733500,Abu Dhabi,2026-03-01
CUST-10425,Xiti Misra,charleschaudhary@example.net,09336525730,Abu Dhabi,2025-01-17
CUST-10426,Christopher Pal,talwarwazir@example.net,1496511852,Abu Dhabi,2024-08-11
CUST-10427,Kiaan Som,chandresh36@example.com,+911629667688,Dubai,2024-04-16
CUST-10428,Jagdish Kumar,madanlavanya@example.org,09177911640,Sharjah,2025-12-30
CUST-10429,Maanas Ahuja,suralakshit@example.com,8170718090,Sharjah,2025-04-10
CUST-10430,Lavanya Tandon,mitesh76@example.org,08971598271,Abu Dhabi,2025-01-07
CUST-10431,Vyanjana Mital,sehgalchatura@example.com,09629280905,Ajman,2025-11-01
CUST-10432,Jonathan Keer,fkrishna@example.net,+911515923935,Ajman,2026-03-19
CUST-10433,Janani Soni,pkaran@example.org,08252531736,Ajman,2024-07-19
CUST-10434,Gunbir Patla,suhanidhaliwal@example.com,+916760834061,Abu Dhabi,2026-01-01
CUST-10435,Ekbal Arora,hamsini49@example.net,+910483774024,Dubai,2024-08-18
CUST-10436,Janya Chaudhari,elijah26@example.net,8592831516,Abu Dhabi,2025-10-08
CUST-10437,Yashoda Mall,prishadate@example.net,+911839516140,Sharjah,2024-08-29
CUST-10438,Nachiket Krishna,pallavi52@example.net,8779642176,Abu Dhabi,2025-05-03
CUST-10439,Diya Toor,isha29@example.com,6960276423,Ajman,2025-10-13
CUST-10440,Maanas Dara,pbhatia@example.com,00181347321,Abu Dhabi,2025-12-02
CUST-10441,Avni Saxena,oviya17@example.org,9252717586,Abu Dhabi,2025-02-13
CUST-10442,Laban Goyal,waidadhaliwal@example.org,+916546529317,Abu Dhabi,2024-06-13
CUST-10443,Xalak Sarna,athaker@example.com,6611852794,Dubai,2026-01-18
CUST-10444,Rajata Pall,frederick43@example.com,+919644485579,Ajman,2024-10-07
CUST-10445,Timothy Majumdar,utkarshkakar@example.com,08746752634,Dubai,2025-07-17
CUST-10446,Ubika Chada,nakshchoudhry@example.com,1842055065,Sharjah,2024-04-15
CUST-10447,Naveen Gopal,saidani@example.com,06860081078,Abu Dhabi,2025-08-24
CUST-10448,Anjali Bains,ansh93@example.com,08338790559,Abu Dhabi,2026-01-24
CUST-10449,Bhavani Nath,vedikamahajan@example.org,+910335832475,Dubai,2025-01-24
CUST-10450,Faris Mand,niharikasachdeva@example.com,02139156320,Ajman,2025-05-10
CUST-10451,Siddharth Murty,binakrishnan@example.com,07164087942,Dubai,2025-07-29
CUST-10452,Rajeshri Purohit,janakikohli@example.com,6587898541,Dubai,2024-04-24
CUST-10453,William Samra,brinda62@example.com,+916858558828,Ajman,2024-03-29
CUST-10454,Tanay Raghavan,chaudharyorinder@example.org,01133640251,Ajman,2025-09-07
CUST-10455,Anirudh Kunda,kaggarwal@example.org,+915334437524,Abu Dhabi,2024-07-19
CUST-10456,Gaurang Mohan,bhavikagupta@example.com,4738477181,Abu Dhabi,2025-09-06
CUST-10457,Eesha Prabhakar,omajakhalsa@example.com,7398257155,Dubai,2025-02-12
CUST-10458,Odika Iyer,hmannan@example.net,05800055017,Abu Dhabi,2025-01-29
CUST-10459,Liam Dutta,jeet43@example.com,1013913359,Dubai,2025-07-08
CUST-10460,Vedhika Bhargava,bhatnagarhredhaan@example.org,09588295966,Sharjah,2025-06-05
CUST-10461,Isaiah Chaudhry,esami@example.net,01237972324,Dubai,2024-06-25
CUST-10462,Sathvik Lad,pkrish@example.net,5992715791,Ajman,2024-06-15
CUST-10463,Radha Walla,daksheshratti@example.com,2882830941,Dubai,2025-10-14
CUST-10464,Yagnesh Karnik,hsehgal@example.net,+911636602094,Ajman,2024-11-04
CUST-10465,Abhimanyu Datta,kprasad@example.org,5057155073,Abu Dhabi,2025-09-19
CUST-10466,Brijesh Sabharwal,tamannakanda@example.com,1157536750,Ajman,2024-08-19
CUST-10467,Yashawini Murthy,vyasqabil@example.org,2003726393,Abu Dhabi,2024-09-06
CUST-10468,Orinder Issac,dchoudhry@example.net,3446856888,Ajman,2026-01-10
CUST-10469,Vinaya Parikh,hamsinichahal@example.org,+915634171902,Ajman,2024-11-01
CUST-10470,Anirudh Narayan,singhalradhika@example.com,02837357984,Ajman,2025-09-13
CUST-10471,Jhalak Gopal,wazir54@example.net,+915821519255,Dubai,2024-09-20
CUST-10472,Unnati Iyengar,yug77@example.com,05245568710,Abu Dhabi,2024-06-20
CUST-10473,Vedhika Bhakta,nchahal@example.org,+914123331881,Ajman,2025-03-30
CUST-10474,Turvi Kashyap,osalvi@example.net,7027118843,Abu Dhabi,2025-07-26
CUST-10475,Manbir Chauhan,flall@example.net,+918928292323,Sharjah,2024-12-07
CUST-10476,Girindra Ravel,ektadivan@example.org,+918593413300,Abu Dhabi,2026-02-22
CUST-10477,Nachiket Baria,osood@example.org,1852652893,Abu Dhabi,2025-08-09
CUST-10478,Orinder Prasad,wramanathan@example.org,5282374443,Abu Dhabi,2024-12-12
CUST-10479,Hemal Ram,badalyamini@example.com,04972115752,Dubai,2025-09-07
CUST-10480,Ridhi Rana,dgupta@example.com,06947142278,Dubai,2024-10-06
CUST-10481,Urmi Grover,kdeshpande@example.net,01997434641,Ajman,2024-04-16
CUST-10482,Vasana Babu,sarrafsaksham@example.net,6090538057,Dubai,2026-01-28
CUST-10483,Omya Dara,nilima14@example.org,07052370978,Dubai,2025-09-29
CUST-10484,Dalbir Sur,avniprashad@example.org,06614189090,Sharjah,2026-03-07
CUST-10485,Leena Rout,parmarlucky@example.org,6971895115,Sharjah,2025-06-04
CUST-10486,Hemangini Agrawal,zsrinivasan@example.net,+917560286059,Ajman,2025-01-25
CUST-10487,Ati Mangal,fariq06@example.com,6849085131,Ajman,2024-07-28
CUST-10488,Jagrati Sinha,eguha@example.org,3936383817,Abu Dhabi,2025-09-25
CUST-10489,Abhiram Morar,wmand@example.org,01776201128,Dubai,2024-08-10
CUST-10490,Damini Basu,etaraman@example.com,00674695453,Ajman,2025-04-02
CUST-10491,Liam Issac,dganguly@example.net,07497014077,Ajman,2026-02-18
CUST-10492,Aadhya Shankar,mayakhare@example.org,+915475444175,Ajman,2026-01-22
CUST-10493,Harish Bahl,wmaster@example.net,+916296928001,Ajman,2024-09-08
CUST-10494,Upkaar Doshi,wmorar@example.com,+913950219184,Dubai,2026-02-23
CUST-10495,Janya Shenoy,bhattacharyyayutika@example.org,+919637617601,Ajman,2024-04-06
CUST-10496,Mekhala Vohra,aashi05@example.net,03094594425,Ajman,2026-02-27
CUST-10497,Maya Sant,tamannakeer@example.org,05551238665,Sharjah,2024-05-22
CUST-10498,Girish Gara,vaidyaforum@example.com,3155765560,Ajman,2025-02-26
CUST-10499,Rishi Sarna,hariniraju@example.net,+916048180137,Ajman,2024-05-10
